"Circoscrizione";"Nazionalit√†";"Immigrati"
"CENTRO-STORICO";"AFGANA";8
"CENTRO-STORICO";"ALBANESE";180
"CENTRO-STORICO";"ALGERINA";13
"CENTRO-STORICO";"ANGOLANA";22
"CENTRO-STORICO";"APOLIDE";1
"CENTRO-STORICO";"ARGENTINA";13
"CENTRO-STORICO";"ARMENA";1
"CENTRO-STORICO";"AUSTRALIANA";6
"CENTRO-STORICO";"AUSTRIACA";8
"CENTRO-STORICO";"BANGLADESH";64
"CENTRO-STORICO";"BARBADORENA";
"CENTRO-STORICO";"BELGA";2
"CENTRO-STORICO";"BIELORUSSA";7
"CENTRO-STORICO";"BIRMANA";
"CENTRO-STORICO";"BOLIVIANA";
"CENTRO-STORICO";"BOSNIACA";9
"CENTRO-STORICO";"BRASILIANA";125
"CENTRO-STORICO";"BRITANNICA";59
"CENTRO-STORICO";"BULGARA";19
"CENTRO-STORICO";"BURUNDA";
"CENTRO-STORICO";"CAMBOGIANA";3
"CENTRO-STORICO";"CANADESE";3
"CENTRO-STORICO";"CECA";6
"CENTRO-STORICO";"CILENA";2
"CENTRO-STORICO";"CINESE";173
"CENTRO-STORICO";"CIPRIOTA";
"CENTRO-STORICO";"COLOMBIANA";25
"CENTRO-STORICO";"CONGOLESE";6
"CENTRO-STORICO";"COSTARICANA";2
"CENTRO-STORICO";"CROATA";21
"CENTRO-STORICO";"CUBANA";18
"CENTRO-STORICO";"DANESE";1
"CENTRO-STORICO";"DEL BELIZE";1
"CENTRO-STORICO";"DEL BENIN";
"CENTRO-STORICO";"DEL BURKINA";2
"CENTRO-STORICO";"DEL CAMERUN";8
"CENTRO-STORICO";"DEL CIAD";1
"CENTRO-STORICO";"DEL NIGER";
"CENTRO-STORICO";"DELLA COSTA D'AVORIO";29
"CENTRO-STORICO";"DELLA GEORGIA";12
"CENTRO-STORICO";"DELLA SIERRA LEONE";
"CENTRO-STORICO";"DI SAO TOME' E PRINCIPE";
"CENTRO-STORICO";"DI TAIWAN";1
"CENTRO-STORICO";"DOMINICANA";28
"CENTRO-STORICO";"DOMINICIANA";2
"CENTRO-STORICO";"ECUADOREGNA";8
"CENTRO-STORICO";"EGIZIANA";20
"CENTRO-STORICO";"ERITREA";8
"CENTRO-STORICO";"ESTONE";3
"CENTRO-STORICO";"ETIOPE";9
"CENTRO-STORICO";"FILIPPINA";157
"CENTRO-STORICO";"FINLANDESE";
"CENTRO-STORICO";"FRANCESE";42
"CENTRO-STORICO";"GABONESE";1
"CENTRO-STORICO";"GAMBIANA";
"CENTRO-STORICO";"GHANESE";124
"CENTRO-STORICO";"GIAPPONESE";12
"CENTRO-STORICO";"GIORDANA";2
"CENTRO-STORICO";"GRECA";11
"CENTRO-STORICO";"GUINEANA";4
"CENTRO-STORICO";"GUINEANA BISSAUESE";3
"CENTRO-STORICO";"HAITIANA";
"CENTRO-STORICO";"HONDUREGNA";
"CENTRO-STORICO";"IEMENITA";
"CENTRO-STORICO";"IGNOTA";1
"CENTRO-STORICO";"INDIANA";93
"CENTRO-STORICO";"INDONESIANA";
"CENTRO-STORICO";"IRACHENA";1
"CENTRO-STORICO";"IRANIANA";18
"CENTRO-STORICO";"IRLANDESE";5
"CENTRO-STORICO";"ISLANDESE";2
"CENTRO-STORICO";"ISRAELIANA";2
"CENTRO-STORICO";"KAZACA";
"CENTRO-STORICO";"KENIANA";2
"CENTRO-STORICO";"KOSOVARA";1
"CENTRO-STORICO";"LETTONE";4
"CENTRO-STORICO";"LIBANESE";
"CENTRO-STORICO";"LIBERIANA";
"CENTRO-STORICO";"LITUANA";4
"CENTRO-STORICO";"LUSSEMBURGHESE";1
"CENTRO-STORICO";"MACEDONE";9
"CENTRO-STORICO";"MALGASCIA";8
"CENTRO-STORICO";"MALINA";6
"CENTRO-STORICO";"MALTESE";1
"CENTRO-STORICO";"MAROCCHINA";150
"CENTRO-STORICO";"MAURITANA";
"CENTRO-STORICO";"MAURIZIANA";1
"CENTRO-STORICO";"MESSICANA";2
"CENTRO-STORICO";"MOLDAVA";336
"CENTRO-STORICO";"MONTENEGRINA";
"CENTRO-STORICO";"MOZAMBICANA";1
"CENTRO-STORICO";"NEOZELANDESE";1
"CENTRO-STORICO";"NEPALESE";1
"CENTRO-STORICO";"NICARAGUENSE";
"CENTRO-STORICO";"NIGERIANA";162
"CENTRO-STORICO";"NORVEGESE";1
"CENTRO-STORICO";"OLANDESE";9
"CENTRO-STORICO";"PACHISTANA";63
"CENTRO-STORICO";"PALESTINESE";
"CENTRO-STORICO";"PANAMENSE";1
"CENTRO-STORICO";"PARAGUAIANA";22
"CENTRO-STORICO";"PERUVIANA";15
"CENTRO-STORICO";"POLACCA";28
"CENTRO-STORICO";"PORTOGHESE";12
"CENTRO-STORICO";"RUANDESE";3
"CENTRO-STORICO";"RUMENA";673
"CENTRO-STORICO";"RUSSA";46
"CENTRO-STORICO";"SALVADOREGNA";
"CENTRO-STORICO";"SANMARINESE";
"CENTRO-STORICO";"SEICELLE";1
"CENTRO-STORICO";"SENEGALESE";22
"CENTRO-STORICO";"SERBA";21
"CENTRO-STORICO";"SINGAPORE";
"CENTRO-STORICO";"SIRIANA";
"CENTRO-STORICO";"SLOVACCA";4
"CENTRO-STORICO";"SLOVENA";2
"CENTRO-STORICO";"SOMALA";2
"CENTRO-STORICO";"SPAGNOLA";30
"CENTRO-STORICO";"SRILANKESE";796
"CENTRO-STORICO";"STATUNITENSE";36
"CENTRO-STORICO";"STRANIERA";1
"CENTRO-STORICO";"SUDAFRICANA";
"CENTRO-STORICO";"SUDANESE";2
"CENTRO-STORICO";"SUDCOREANA";5
"CENTRO-STORICO";"SVEDESE";7
"CENTRO-STORICO";"SVIZZERA";3
"CENTRO-STORICO";"TAILANDESE";
"CENTRO-STORICO";"TANZANIANA";9
"CENTRO-STORICO";"TEDESCA";56
"CENTRO-STORICO";"TIMORESE";1
"CENTRO-STORICO";"TOGOLESE";8
"CENTRO-STORICO";"TUNISINA";52
"CENTRO-STORICO";"TURCA";2
"CENTRO-STORICO";"UCRAINA";83
"CENTRO-STORICO";"UGANDESE";1
"CENTRO-STORICO";"UNGHERESE";4
"CENTRO-STORICO";"URUGUAIANA";1
"CENTRO-STORICO";"UZBECA";2
"CENTRO-STORICO";"VENEZUELANA";6
"CENTRO-STORICO";"VIETNAMITA";3
"CENTRO-STORICO";"YUGOSLAVA";16
"CENTRO-STORICO";"ZAMBESE";2
"EST";"AFGANA";6
"EST";"ALBANESE";281
"EST";"ALGERINA";26
"EST";"ANGOLANA";1
"EST";"APOLIDE";
"EST";"ARGENTINA";8
"EST";"ARMENA";
"EST";"AUSTRALIANA";
"EST";"AUSTRIACA";4
"EST";"BANGLADESH";1
"EST";"BARBADORENA";
"EST";"BELGA";1
"EST";"BIELORUSSA";6
"EST";"BIRMANA";2
"EST";"BOLIVIANA";3
"EST";"BOSNIACA";46
"EST";"BRASILIANA";116
"EST";"BRITANNICA";12
"EST";"BULGARA";51
"EST";"BURUNDA";
"EST";"CAMBOGIANA";7
"EST";"CANADESE";1
"EST";"CECA";
"EST";"CILENA";
"EST";"CINESE";180
"EST";"CIPRIOTA";
"EST";"COLOMBIANA";32
"EST";"CONGOLESE";8
"EST";"COSTARICANA";
"EST";"CROATA";16
"EST";"CUBANA";12
"EST";"DANESE";2
"EST";"DEL BELIZE";
"EST";"DEL BENIN";
"EST";"DEL BURKINA";1
"EST";"DEL CAMERUN";3
"EST";"DEL CIAD";
"EST";"DEL NIGER";
"EST";"DELLA COSTA D'AVORIO";16
"EST";"DELLA GEORGIA";4
"EST";"DELLA SIERRA LEONE";3
"EST";"DI SAO TOME' E PRINCIPE";
"EST";"DI TAIWAN";
"EST";"DOMINICANA";101
"EST";"DOMINICIANA";1
"EST";"ECUADOREGNA";4
"EST";"EGIZIANA";1
"EST";"ERITREA";5
"EST";"ESTONE";
"EST";"ETIOPE";1
"EST";"FILIPPINA";86
"EST";"FINLANDESE";
"EST";"FRANCESE";15
"EST";"GABONESE";
"EST";"GAMBIANA";1
"EST";"GHANESE";96
"EST";"GIAPPONESE";6
"EST";"GIORDANA";
"EST";"GRECA";1
"EST";"GUINEANA";4
"EST";"GUINEANA BISSAUESE";
"EST";"HAITIANA";
"EST";"HONDUREGNA";3
"EST";"IEMENITA";
"EST";"IGNOTA";
"EST";"INDIANA";41
"EST";"INDONESIANA";
"EST";"IRACHENA";
"EST";"IRANIANA";10
"EST";"IRLANDESE";
"EST";"ISLANDESE";
"EST";"ISRAELIANA";1
"EST";"KAZACA";
"EST";"KENIANA";
"EST";"KOSOVARA";1
"EST";"LETTONE";4
"EST";"LIBANESE";1
"EST";"LIBERIANA";1
"EST";"LITUANA";3
"EST";"LUSSEMBURGHESE";
"EST";"MACEDONE";10
"EST";"MALGASCIA";
"EST";"MALINA";
"EST";"MALTESE";
"EST";"MAROCCHINA";198
"EST";"MAURITANA";
"EST";"MAURIZIANA";1
"EST";"MESSICANA";4
"EST";"MOLDAVA";559
"EST";"MONTENEGRINA";
"EST";"MOZAMBICANA";3
"EST";"NEOZELANDESE";1
"EST";"NEPALESE";2
"EST";"NICARAGUENSE";
"EST";"NIGERIANA";257
"EST";"NORVEGESE";1
"EST";"OLANDESE";1
"EST";"PACHISTANA";42
"EST";"PALESTINESE";1
"EST";"PANAMENSE";
"EST";"PARAGUAIANA";1
"EST";"PERUVIANA";42
"EST";"POLACCA";31
"EST";"PORTOGHESE";11
"EST";"RUANDESE";
"EST";"RUMENA";1032
"EST";"RUSSA";26
"EST";"SALVADOREGNA";3
"EST";"SANMARINESE";
"EST";"SEICELLE";
"EST";"SENEGALESE";28
"EST";"SERBA";13
"EST";"SINGAPORE";
"EST";"SIRIANA";
"EST";"SLOVACCA";
"EST";"SLOVENA";1
"EST";"SOMALA";4
"EST";"SPAGNOLA";15
"EST";"SRILANKESE";865
"EST";"STATUNITENSE";10
"EST";"STRANIERA";1
"EST";"SUDAFRICANA";
"EST";"SUDANESE";
"EST";"SUDCOREANA";
"EST";"SVEDESE";4
"EST";"SVIZZERA";1
"EST";"TAILANDESE";5
"EST";"TANZANIANA";
"EST";"TEDESCA";23
"EST";"TIMORESE";
"EST";"TOGOLESE";2
"EST";"TUNISINA";55
"EST";"TURCA";5
"EST";"UCRAINA";55
"EST";"UGANDESE";
"EST";"UNGHERESE";2
"EST";"URUGUAIANA";
"EST";"UZBECA";
"EST";"VENEZUELANA";1
"EST";"VIETNAMITA";
"EST";"YUGOSLAVA";25
"EST";"ZAMBESE";
"NORD-EST";"AFGANA";
"NORD-EST";"ALBANESE";37
"NORD-EST";"ALGERINA";2
"NORD-EST";"ANGOLANA";1
"NORD-EST";"APOLIDE";
"NORD-EST";"ARGENTINA";
"NORD-EST";"ARMENA";
"NORD-EST";"AUSTRALIANA";
"NORD-EST";"AUSTRIACA";3
"NORD-EST";"BANGLADESH";
"NORD-EST";"BARBADORENA";
"NORD-EST";"BELGA";
"NORD-EST";"BIELORUSSA";1
"NORD-EST";"BIRMANA";
"NORD-EST";"BOLIVIANA";
"NORD-EST";"BOSNIACA";20
"NORD-EST";"BRASILIANA";26
"NORD-EST";"BRITANNICA";8
"NORD-EST";"BULGARA";12
"NORD-EST";"BURUNDA";
"NORD-EST";"CAMBOGIANA";
"NORD-EST";"CANADESE";1
"NORD-EST";"CECA";
"NORD-EST";"CILENA";
"NORD-EST";"CINESE";13
"NORD-EST";"CIPRIOTA";
"NORD-EST";"COLOMBIANA";3
"NORD-EST";"CONGOLESE";
"NORD-EST";"COSTARICANA";
"NORD-EST";"CROATA";6
"NORD-EST";"CUBANA";7
"NORD-EST";"DANESE";
"NORD-EST";"DEL BELIZE";
"NORD-EST";"DEL BENIN";
"NORD-EST";"DEL BURKINA";
"NORD-EST";"DEL CAMERUN";2
"NORD-EST";"DEL CIAD";
"NORD-EST";"DEL NIGER";
"NORD-EST";"DELLA COSTA D'AVORIO";5
"NORD-EST";"DELLA GEORGIA";2
"NORD-EST";"DELLA SIERRA LEONE";
"NORD-EST";"DI SAO TOME' E PRINCIPE";
"NORD-EST";"DI TAIWAN";
"NORD-EST";"DOMINICANA";8
"NORD-EST";"DOMINICIANA";
"NORD-EST";"ECUADOREGNA";1
"NORD-EST";"EGIZIANA";4
"NORD-EST";"ERITREA";
"NORD-EST";"ESTONE";
"NORD-EST";"ETIOPE";
"NORD-EST";"FILIPPINA";17
"NORD-EST";"FINLANDESE";
"NORD-EST";"FRANCESE";5
"NORD-EST";"GABONESE";
"NORD-EST";"GAMBIANA";
"NORD-EST";"GHANESE";23
"NORD-EST";"GIAPPONESE";3
"NORD-EST";"GIORDANA";
"NORD-EST";"GRECA";1
"NORD-EST";"GUINEANA";5
"NORD-EST";"GUINEANA BISSAUESE";7
"NORD-EST";"HAITIANA";
"NORD-EST";"HONDUREGNA";
"NORD-EST";"IEMENITA";
"NORD-EST";"IGNOTA";
"NORD-EST";"INDIANA";16
"NORD-EST";"INDONESIANA";
"NORD-EST";"IRACHENA";
"NORD-EST";"IRANIANA";
"NORD-EST";"IRLANDESE";
"NORD-EST";"ISLANDESE";
"NORD-EST";"ISRAELIANA";1
"NORD-EST";"KAZACA";
"NORD-EST";"KENIANA";
"NORD-EST";"KOSOVARA";
"NORD-EST";"LETTONE";
"NORD-EST";"LIBANESE";7
"NORD-EST";"LIBERIANA";
"NORD-EST";"LITUANA";1
"NORD-EST";"LUSSEMBURGHESE";
"NORD-EST";"MACEDONE";2
"NORD-EST";"MALGASCIA";
"NORD-EST";"MALINA";
"NORD-EST";"MALTESE";
"NORD-EST";"MAROCCHINA";77
"NORD-EST";"MAURITANA";
"NORD-EST";"MAURIZIANA";3
"NORD-EST";"MESSICANA";1
"NORD-EST";"MOLDAVA";75
"NORD-EST";"MONTENEGRINA";2
"NORD-EST";"MOZAMBICANA";
"NORD-EST";"NEOZELANDESE";
"NORD-EST";"NEPALESE";2
"NORD-EST";"NICARAGUENSE";
"NORD-EST";"NIGERIANA";90
"NORD-EST";"NORVEGESE";
"NORD-EST";"OLANDESE";
"NORD-EST";"PACHISTANA";4
"NORD-EST";"PALESTINESE";
"NORD-EST";"PANAMENSE";
"NORD-EST";"PARAGUAIANA";
"NORD-EST";"PERUVIANA";14
"NORD-EST";"POLACCA";10
"NORD-EST";"PORTOGHESE";
"NORD-EST";"RUANDESE";
"NORD-EST";"RUMENA";276
"NORD-EST";"RUSSA";4
"NORD-EST";"SALVADOREGNA";
"NORD-EST";"SANMARINESE";
"NORD-EST";"SEICELLE";
"NORD-EST";"SENEGALESE";6
"NORD-EST";"SERBA";4
"NORD-EST";"SINGAPORE";1
"NORD-EST";"SIRIANA";
"NORD-EST";"SLOVACCA";2
"NORD-EST";"SLOVENA";
"NORD-EST";"SOMALA";
"NORD-EST";"SPAGNOLA";8
"NORD-EST";"SRILANKESE";85
"NORD-EST";"STATUNITENSE";7
"NORD-EST";"STRANIERA";1
"NORD-EST";"SUDAFRICANA";
"NORD-EST";"SUDANESE";
"NORD-EST";"SUDCOREANA";1
"NORD-EST";"SVEDESE";
"NORD-EST";"SVIZZERA";
"NORD-EST";"TAILANDESE";2
"NORD-EST";"TANZANIANA";
"NORD-EST";"TEDESCA";13
"NORD-EST";"TIMORESE";
"NORD-EST";"TOGOLESE";1
"NORD-EST";"TUNISINA";10
"NORD-EST";"TURCA";
"NORD-EST";"UCRAINA";17
"NORD-EST";"UGANDESE";
"NORD-EST";"UNGHERESE";4
"NORD-EST";"URUGUAIANA";5
"NORD-EST";"UZBECA";
"NORD-EST";"VENEZUELANA";
"NORD-EST";"VIETNAMITA";
"NORD-EST";"YUGOSLAVA";1
"NORD-EST";"ZAMBESE";
"NORD-OVEST";"AFGANA";
"NORD-OVEST";"ALBANESE";123
"NORD-OVEST";"ALGERINA";32
"NORD-OVEST";"ANGOLANA";
"NORD-OVEST";"APOLIDE";2
"NORD-OVEST";"ARGENTINA";3
"NORD-OVEST";"ARMENA";
"NORD-OVEST";"AUSTRALIANA";1
"NORD-OVEST";"AUSTRIACA";7
"NORD-OVEST";"BANGLADESH";4
"NORD-OVEST";"BARBADORENA";
"NORD-OVEST";"BELGA";8
"NORD-OVEST";"BIELORUSSA";4
"NORD-OVEST";"BIRMANA";
"NORD-OVEST";"BOLIVIANA";
"NORD-OVEST";"BOSNIACA";21
"NORD-OVEST";"BRASILIANA";81
"NORD-OVEST";"BRITANNICA";38
"NORD-OVEST";"BULGARA";27
"NORD-OVEST";"BURUNDA";4
"NORD-OVEST";"CAMBOGIANA";
"NORD-OVEST";"CANADESE";3
"NORD-OVEST";"CECA";4
"NORD-OVEST";"CILENA";2
"NORD-OVEST";"CINESE";35
"NORD-OVEST";"CIPRIOTA";
"NORD-OVEST";"COLOMBIANA";37
"NORD-OVEST";"CONGOLESE";
"NORD-OVEST";"COSTARICANA";
"NORD-OVEST";"CROATA";11
"NORD-OVEST";"CUBANA";12
"NORD-OVEST";"DANESE";1
"NORD-OVEST";"DEL BELIZE";
"NORD-OVEST";"DEL BENIN";1
"NORD-OVEST";"DEL BURKINA";1
"NORD-OVEST";"DEL CAMERUN";19
"NORD-OVEST";"DEL CIAD";
"NORD-OVEST";"DEL NIGER";1
"NORD-OVEST";"DELLA COSTA D'AVORIO";17
"NORD-OVEST";"DELLA GEORGIA";6
"NORD-OVEST";"DELLA SIERRA LEONE";
"NORD-OVEST";"DI SAO TOME' E PRINCIPE";
"NORD-OVEST";"DI TAIWAN";
"NORD-OVEST";"DOMINICANA";21
"NORD-OVEST";"DOMINICIANA";
"NORD-OVEST";"ECUADOREGNA";1
"NORD-OVEST";"EGIZIANA";
"NORD-OVEST";"ERITREA";20
"NORD-OVEST";"ESTONE";1
"NORD-OVEST";"ETIOPE";3
"NORD-OVEST";"FILIPPINA";29
"NORD-OVEST";"FINLANDESE";2
"NORD-OVEST";"FRANCESE";20
"NORD-OVEST";"GABONESE";
"NORD-OVEST";"GAMBIANA";3
"NORD-OVEST";"GHANESE";53
"NORD-OVEST";"GIAPPONESE";9
"NORD-OVEST";"GIORDANA";
"NORD-OVEST";"GRECA";1
"NORD-OVEST";"GUINEANA";2
"NORD-OVEST";"GUINEANA BISSAUESE";10
"NORD-OVEST";"HAITIANA";
"NORD-OVEST";"HONDUREGNA";2
"NORD-OVEST";"IEMENITA";
"NORD-OVEST";"IGNOTA";
"NORD-OVEST";"INDIANA";6
"NORD-OVEST";"INDONESIANA";
"NORD-OVEST";"IRACHENA";1
"NORD-OVEST";"IRANIANA";16
"NORD-OVEST";"IRLANDESE";3
"NORD-OVEST";"ISLANDESE";
"NORD-OVEST";"ISRAELIANA";6
"NORD-OVEST";"KAZACA";3
"NORD-OVEST";"KENIANA";8
"NORD-OVEST";"KOSOVARA";
"NORD-OVEST";"LETTONE";
"NORD-OVEST";"LIBANESE";
"NORD-OVEST";"LIBERIANA";1
"NORD-OVEST";"LITUANA";5
"NORD-OVEST";"LUSSEMBURGHESE";
"NORD-OVEST";"MACEDONE";7
"NORD-OVEST";"MALGASCIA";
"NORD-OVEST";"MALINA";4
"NORD-OVEST";"MALTESE";
"NORD-OVEST";"MAROCCHINA";110
"NORD-OVEST";"MAURITANA";1
"NORD-OVEST";"MAURIZIANA";
"NORD-OVEST";"MESSICANA";4
"NORD-OVEST";"MOLDAVA";378
"NORD-OVEST";"MONTENEGRINA";1
"NORD-OVEST";"MOZAMBICANA";
"NORD-OVEST";"NEOZELANDESE";1
"NORD-OVEST";"NEPALESE";
"NORD-OVEST";"NICARAGUENSE";
"NORD-OVEST";"NIGERIANA";75
"NORD-OVEST";"NORVEGESE";
"NORD-OVEST";"OLANDESE";15
"NORD-OVEST";"PACHISTANA";21
"NORD-OVEST";"PALESTINESE";
"NORD-OVEST";"PANAMENSE";
"NORD-OVEST";"PARAGUAIANA";14
"NORD-OVEST";"PERUVIANA";29
"NORD-OVEST";"POLACCA";25
"NORD-OVEST";"PORTOGHESE";4
"NORD-OVEST";"RUANDESE";2
"NORD-OVEST";"RUMENA";529
"NORD-OVEST";"RUSSA";25
"NORD-OVEST";"SALVADOREGNA";
"NORD-OVEST";"SANMARINESE";1
"NORD-OVEST";"SEICELLE";
"NORD-OVEST";"SENEGALESE";15
"NORD-OVEST";"SERBA";21
"NORD-OVEST";"SINGAPORE";1
"NORD-OVEST";"SIRIANA";
"NORD-OVEST";"SLOVACCA";4
"NORD-OVEST";"SLOVENA";
"NORD-OVEST";"SOMALA";2
"NORD-OVEST";"SPAGNOLA";23
"NORD-OVEST";"SRILANKESE";844
"NORD-OVEST";"STATUNITENSE";26
"NORD-OVEST";"STRANIERA";2
"NORD-OVEST";"SUDAFRICANA";
"NORD-OVEST";"SUDANESE";2
"NORD-OVEST";"SUDCOREANA";
"NORD-OVEST";"SVEDESE";11
"NORD-OVEST";"SVIZZERA";12
"NORD-OVEST";"TAILANDESE";4
"NORD-OVEST";"TANZANIANA";
"NORD-OVEST";"TEDESCA";77
"NORD-OVEST";"TIMORESE";
"NORD-OVEST";"TOGOLESE";2
"NORD-OVEST";"TUNISINA";17
"NORD-OVEST";"TURCA";4
"NORD-OVEST";"UCRAINA";60
"NORD-OVEST";"UGANDESE";
"NORD-OVEST";"UNGHERESE";6
"NORD-OVEST";"URUGUAIANA";
"NORD-OVEST";"UZBECA";3
"NORD-OVEST";"VENEZUELANA";7
"NORD-OVEST";"VIETNAMITA";
"NORD-OVEST";"YUGOSLAVA";15
"NORD-OVEST";"ZAMBESE";
"OVEST";"AFGANA";4
"OVEST";"ALBANESE";276
"OVEST";"ALGERINA";56
"OVEST";"ANGOLANA";8
"OVEST";"APOLIDE";
"OVEST";"ARGENTINA";5
"OVEST";"ARMENA";
"OVEST";"AUSTRALIANA";2
"OVEST";"AUSTRIACA";13
"OVEST";"BANGLADESH";8
"OVEST";"BARBADORENA";
"OVEST";"BELGA";5
"OVEST";"BIELORUSSA";7
"OVEST";"BIRMANA";
"OVEST";"BOLIVIANA";8
"OVEST";"BOSNIACA";34
"OVEST";"BRASILIANA";134
"OVEST";"BRITANNICA";19
"OVEST";"BULGARA";40
"OVEST";"BURUNDA";
"OVEST";"CAMBOGIANA";
"OVEST";"CANADESE";2
"OVEST";"CECA";17
"OVEST";"CILENA";4
"OVEST";"CINESE";330
"OVEST";"CIPRIOTA";
"OVEST";"COLOMBIANA";79
"OVEST";"CONGOLESE";17
"OVEST";"COSTARICANA";1
"OVEST";"CROATA";36
"OVEST";"CUBANA";30
"OVEST";"DANESE";2
"OVEST";"DEL BELIZE";
"OVEST";"DEL BENIN";
"OVEST";"DEL BURKINA";
"OVEST";"DEL CAMERUN";16
"OVEST";"DEL CIAD";
"OVEST";"DEL NIGER";
"OVEST";"DELLA COSTA D'AVORIO";26
"OVEST";"DELLA GEORGIA";4
"OVEST";"DELLA SIERRA LEONE";8
"OVEST";"DI SAO TOME' E PRINCIPE";
"OVEST";"DI TAIWAN";1
"OVEST";"DOMINICANA";86
"OVEST";"DOMINICIANA";
"OVEST";"ECUADOREGNA";16
"OVEST";"EGIZIANA";14
"OVEST";"ERITREA";12
"OVEST";"ESTONE";
"OVEST";"ETIOPE";2
"OVEST";"FILIPPINA";42
"OVEST";"FINLANDESE";
"OVEST";"FRANCESE";16
"OVEST";"GABONESE";
"OVEST";"GAMBIANA";3
"OVEST";"GHANESE";272
"OVEST";"GIAPPONESE";2
"OVEST";"GIORDANA";2
"OVEST";"GRECA";3
"OVEST";"GUINEANA";5
"OVEST";"GUINEANA BISSAUESE";18
"OVEST";"HAITIANA";
"OVEST";"HONDUREGNA";
"OVEST";"IEMENITA";
"OVEST";"IGNOTA";
"OVEST";"INDIANA";185
"OVEST";"INDONESIANA";1
"OVEST";"IRACHENA";2
"OVEST";"IRANIANA";2
"OVEST";"IRLANDESE";3
"OVEST";"ISLANDESE";
"OVEST";"ISRAELIANA";3
"OVEST";"KAZACA";2
"OVEST";"KENIANA";1
"OVEST";"KOSOVARA";
"OVEST";"LETTONE";3
"OVEST";"LIBANESE";6
"OVEST";"LIBERIANA";4
"OVEST";"LITUANA";2
"OVEST";"LUSSEMBURGHESE";
"OVEST";"MACEDONE";2
"OVEST";"MALGASCIA";4
"OVEST";"MALINA";2
"OVEST";"MALTESE";
"OVEST";"MAROCCHINA";323
"OVEST";"MAURITANA";
"OVEST";"MAURIZIANA";5
"OVEST";"MESSICANA";5
"OVEST";"MOLDAVA";828
"OVEST";"MONTENEGRINA";6
"OVEST";"MOZAMBICANA";
"OVEST";"NEOZELANDESE";
"OVEST";"NEPALESE";
"OVEST";"NICARAGUENSE";2
"OVEST";"NIGERIANA";485
"OVEST";"NORVEGESE";1
"OVEST";"OLANDESE";8
"OVEST";"PACHISTANA";159
"OVEST";"PALESTINESE";
"OVEST";"PANAMENSE";
"OVEST";"PARAGUAIANA";15
"OVEST";"PERUVIANA";131
"OVEST";"POLACCA";50
"OVEST";"PORTOGHESE";6
"OVEST";"RUANDESE";1
"OVEST";"RUMENA";2015
"OVEST";"RUSSA";60
"OVEST";"SALVADOREGNA";5
"OVEST";"SANMARINESE";
"OVEST";"SEICELLE";
"OVEST";"SENEGALESE";81
"OVEST";"SERBA";50
"OVEST";"SINGAPORE";
"OVEST";"SIRIANA";1
"OVEST";"SLOVACCA";4
"OVEST";"SLOVENA";2
"OVEST";"SOMALA";3
"OVEST";"SPAGNOLA";19
"OVEST";"SRILANKESE";1699
"OVEST";"STATUNITENSE";22
"OVEST";"STRANIERA";3
"OVEST";"SUDAFRICANA";
"OVEST";"SUDANESE";4
"OVEST";"SUDCOREANA";
"OVEST";"SVEDESE";2
"OVEST";"SVIZZERA";2
"OVEST";"TAILANDESE";13
"OVEST";"TANZANIANA";2
"OVEST";"TEDESCA";29
"OVEST";"TIMORESE";
"OVEST";"TOGOLESE";3
"OVEST";"TUNISINA";158
"OVEST";"TURCA";1
"OVEST";"UCRAINA";146
"OVEST";"UGANDESE";
"OVEST";"UNGHERESE";7
"OVEST";"URUGUAIANA";2
"OVEST";"UZBECA";2
"OVEST";"VENEZUELANA";4
"OVEST";"VIETNAMITA";
"OVEST";"YUGOSLAVA";44
"OVEST";"ZAMBESE";
"SUD";"AFGANA";5
"SUD";"ALBANESE";436
"SUD";"ALGERINA";49
"SUD";"ANGOLANA";4
"SUD";"APOLIDE";1
"SUD";"ARGENTINA";7
"SUD";"ARMENA";
"SUD";"AUSTRALIANA";
"SUD";"AUSTRIACA";4
"SUD";"BANGLADESH";25
"SUD";"BARBADORENA";
"SUD";"BELGA";1
"SUD";"BIELORUSSA";11
"SUD";"BIRMANA";
"SUD";"BOLIVIANA";2
"SUD";"BOSNIACA";45
"SUD";"BRASILIANA";79
"SUD";"BRITANNICA";10
"SUD";"BULGARA";52
"SUD";"BURUNDA";1
"SUD";"CAMBOGIANA";3
"SUD";"CANADESE";1
"SUD";"CECA";7
"SUD";"CILENA";1
"SUD";"CINESE";277
"SUD";"CIPRIOTA";1
"SUD";"COLOMBIANA";37
"SUD";"CONGOLESE";21
"SUD";"COSTARICANA";
"SUD";"CROATA";14
"SUD";"CUBANA";7
"SUD";"DANESE";
"SUD";"DEL BELIZE";
"SUD";"DEL BENIN";
"SUD";"DEL BURKINA";
"SUD";"DEL CAMERUN";22
"SUD";"DEL CIAD";1
"SUD";"DEL NIGER";4
"SUD";"DELLA COSTA D'AVORIO";21
"SUD";"DELLA GEORGIA";
"SUD";"DELLA SIERRA LEONE";3
"SUD";"DI SAO TOME' E PRINCIPE";
"SUD";"DI TAIWAN";
"SUD";"DOMINICANA";103
"SUD";"DOMINICIANA";1
"SUD";"ECUADOREGNA";14
"SUD";"EGIZIANA";11
"SUD";"ERITREA";7
"SUD";"ESTONE";
"SUD";"ETIOPE";6
"SUD";"FILIPPINA";9
"SUD";"FINLANDESE";
"SUD";"FRANCESE";7
"SUD";"GABONESE";
"SUD";"GAMBIANA";2
"SUD";"GHANESE";257
"SUD";"GIAPPONESE";1
"SUD";"GIORDANA";
"SUD";"GRECA";12
"SUD";"GUINEANA";4
"SUD";"GUINEANA BISSAUESE";6
"SUD";"HAITIANA";
"SUD";"HONDUREGNA";
"SUD";"IEMENITA";1
"SUD";"IGNOTA";
"SUD";"INDIANA";174
"SUD";"INDONESIANA";1
"SUD";"IRACHENA";
"SUD";"IRANIANA";19
"SUD";"IRLANDESE";
"SUD";"ISLANDESE";
"SUD";"ISRAELIANA";23
"SUD";"KAZACA";
"SUD";"KENIANA";2
"SUD";"KOSOVARA";13
"SUD";"LETTONE";3
"SUD";"LIBANESE";2
"SUD";"LIBERIANA";2
"SUD";"LITUANA";
"SUD";"LUSSEMBURGHESE";
"SUD";"MACEDONE";4
"SUD";"MALGASCIA";
"SUD";"MALINA";1
"SUD";"MALTESE";
"SUD";"MAROCCHINA";530
"SUD";"MAURITANA";5
"SUD";"MAURIZIANA";
"SUD";"MESSICANA";1
"SUD";"MOLDAVA";635
"SUD";"MONTENEGRINA";
"SUD";"MOZAMBICANA";
"SUD";"NEOZELANDESE";
"SUD";"NEPALESE";
"SUD";"NICARAGUENSE";
"SUD";"NIGERIANA";420
"SUD";"NORVEGESE";
"SUD";"OLANDESE";
"SUD";"PACHISTANA";78
"SUD";"PALESTINESE";4
"SUD";"PANAMENSE";
"SUD";"PARAGUAIANA";48
"SUD";"PERUVIANA";53
"SUD";"POLACCA";100
"SUD";"PORTOGHESE";8
"SUD";"RUANDESE";
"SUD";"RUMENA";1950
"SUD";"RUSSA";17
"SUD";"SALVADOREGNA";
"SUD";"SANMARINESE";
"SUD";"SEICELLE";
"SUD";"SENEGALESE";83
"SUD";"SERBA";43
"SUD";"SINGAPORE";
"SUD";"SIRIANA";3
"SUD";"SLOVACCA";6
"SUD";"SLOVENA";
"SUD";"SOMALA";1
"SUD";"SPAGNOLA";6
"SUD";"SRILANKESE";728
"SUD";"STATUNITENSE";6
"SUD";"STRANIERA";2
"SUD";"SUDAFRICANA";1
"SUD";"SUDANESE";2
"SUD";"SUDCOREANA";2
"SUD";"SVEDESE";1
"SUD";"SVIZZERA";1
"SUD";"TAILANDESE";8
"SUD";"TANZANIANA";
"SUD";"TEDESCA";15
"SUD";"TIMORESE";
"SUD";"TOGOLESE";15
"SUD";"TUNISINA";163
"SUD";"TURCA";1
"SUD";"UCRAINA";82
"SUD";"UGANDESE";3
"SUD";"UNGHERESE";2
"SUD";"URUGUAIANA";1
"SUD";"UZBECA";1
"SUD";"VENEZUELANA";
"SUD";"VIETNAMITA";2
"SUD";"YUGOSLAVA";52
"SUD";"ZAMBESE";
"SUD-EST";"AFGANA";
"SUD-EST";"ALBANESE";216
"SUD-EST";"ALGERINA";10
"SUD-EST";"ANGOLANA";
"SUD-EST";"APOLIDE";
"SUD-EST";"ARGENTINA";4
"SUD-EST";"ARMENA";
"SUD-EST";"AUSTRALIANA";
"SUD-EST";"AUSTRIACA";2
"SUD-EST";"BANGLADESH";11
"SUD-EST";"BARBADORENA";
"SUD-EST";"BELGA";
"SUD-EST";"BIELORUSSA";2
"SUD-EST";"BIRMANA";
"SUD-EST";"BOLIVIANA";5
"SUD-EST";"BOSNIACA";19
"SUD-EST";"BRASILIANA";77
"SUD-EST";"BRITANNICA";6
"SUD-EST";"BULGARA";19
"SUD-EST";"BURUNDA";
"SUD-EST";"CAMBOGIANA";
"SUD-EST";"CANADESE";
"SUD-EST";"CECA";1
"SUD-EST";"CILENA";
"SUD-EST";"CINESE";179
"SUD-EST";"CIPRIOTA";
"SUD-EST";"COLOMBIANA";15
"SUD-EST";"CONGOLESE";6
"SUD-EST";"COSTARICANA";
"SUD-EST";"CROATA";16
"SUD-EST";"CUBANA";8
"SUD-EST";"DANESE";
"SUD-EST";"DEL BELIZE";
"SUD-EST";"DEL BENIN";
"SUD-EST";"DEL BURKINA";1
"SUD-EST";"DEL CAMERUN";8
"SUD-EST";"DEL CIAD";
"SUD-EST";"DEL NIGER";
"SUD-EST";"DELLA COSTA D'AVORIO";32
"SUD-EST";"DELLA GEORGIA";1
"SUD-EST";"DELLA SIERRA LEONE";
"SUD-EST";"DI SAO TOME' E PRINCIPE";1
"SUD-EST";"DI TAIWAN";
"SUD-EST";"DOMINICANA";43
"SUD-EST";"DOMINICIANA";1
"SUD-EST";"ECUADOREGNA";4
"SUD-EST";"EGIZIANA";4
"SUD-EST";"ERITREA";5
"SUD-EST";"ESTONE";1
"SUD-EST";"ETIOPE";3
"SUD-EST";"FILIPPINA";51
"SUD-EST";"FINLANDESE";
"SUD-EST";"FRANCESE";2
"SUD-EST";"GABONESE";
"SUD-EST";"GAMBIANA";
"SUD-EST";"GHANESE";176
"SUD-EST";"GIAPPONESE";
"SUD-EST";"GIORDANA";
"SUD-EST";"GRECA";2
"SUD-EST";"GUINEANA";2
"SUD-EST";"GUINEANA BISSAUESE";20
"SUD-EST";"HAITIANA";
"SUD-EST";"HONDUREGNA";
"SUD-EST";"IEMENITA";5
"SUD-EST";"IGNOTA";
"SUD-EST";"INDIANA";68
"SUD-EST";"INDONESIANA";
"SUD-EST";"IRACHENA";
"SUD-EST";"IRANIANA";6
"SUD-EST";"IRLANDESE";
"SUD-EST";"ISLANDESE";
"SUD-EST";"ISRAELIANA";
"SUD-EST";"KAZACA";
"SUD-EST";"KENIANA";
"SUD-EST";"KOSOVARA";6
"SUD-EST";"LETTONE";1
"SUD-EST";"LIBANESE";1
"SUD-EST";"LIBERIANA";
"SUD-EST";"LITUANA";1
"SUD-EST";"LUSSEMBURGHESE";
"SUD-EST";"MACEDONE";
"SUD-EST";"MALGASCIA";2
"SUD-EST";"MALINA";
"SUD-EST";"MALTESE";
"SUD-EST";"MAROCCHINA";207
"SUD-EST";"MAURITANA";
"SUD-EST";"MAURIZIANA";
"SUD-EST";"MESSICANA";2
"SUD-EST";"MOLDAVA";269
"SUD-EST";"MONTENEGRINA";
"SUD-EST";"MOZAMBICANA";
"SUD-EST";"NEOZELANDESE";
"SUD-EST";"NEPALESE";
"SUD-EST";"NICARAGUENSE";
"SUD-EST";"NIGERIANA";166
"SUD-EST";"NORVEGESE";
"SUD-EST";"OLANDESE";4
"SUD-EST";"PACHISTANA";33
"SUD-EST";"PALESTINESE";
"SUD-EST";"PANAMENSE";
"SUD-EST";"PARAGUAIANA";3
"SUD-EST";"PERUVIANA";26
"SUD-EST";"POLACCA";19
"SUD-EST";"PORTOGHESE";7
"SUD-EST";"RUANDESE";
"SUD-EST";"RUMENA";558
"SUD-EST";"RUSSA";19
"SUD-EST";"SALVADOREGNA";1
"SUD-EST";"SANMARINESE";
"SUD-EST";"SEICELLE";
"SUD-EST";"SENEGALESE";43
"SUD-EST";"SERBA";27
"SUD-EST";"SINGAPORE";
"SUD-EST";"SIRIANA";
"SUD-EST";"SLOVACCA";2
"SUD-EST";"SLOVENA";
"SUD-EST";"SOMALA";2
"SUD-EST";"SPAGNOLA";3
"SUD-EST";"SRILANKESE";425
"SUD-EST";"STATUNITENSE";5
"SUD-EST";"STRANIERA";1
"SUD-EST";"SUDAFRICANA";
"SUD-EST";"SUDANESE";1
"SUD-EST";"SUDCOREANA";1
"SUD-EST";"SVEDESE";2
"SUD-EST";"SVIZZERA";2
"SUD-EST";"TAILANDESE";1
"SUD-EST";"TANZANIANA";2
"SUD-EST";"TEDESCA";9
"SUD-EST";"TIMORESE";
"SUD-EST";"TOGOLESE";6
"SUD-EST";"TUNISINA";42
"SUD-EST";"TURCA";
"SUD-EST";"UCRAINA";42
"SUD-EST";"UGANDESE";
"SUD-EST";"UNGHERESE";3
"SUD-EST";"URUGUAIANA";
"SUD-EST";"UZBECA";
"SUD-EST";"VENEZUELANA";2
"SUD-EST";"VIETNAMITA";4
"SUD-EST";"YUGOSLAVA";25
"SUD-EST";"ZAMBESE";
"SUD-OVEST";"AFGANA";2
"SUD-OVEST";"ALBANESE";177
"SUD-OVEST";"ALGERINA";51
"SUD-OVEST";"ANGOLANA";
"SUD-OVEST";"APOLIDE";
"SUD-OVEST";"ARGENTINA";2
"SUD-OVEST";"ARMENA";2
"SUD-OVEST";"AUSTRALIANA";
"SUD-OVEST";"AUSTRIACA";2
"SUD-OVEST";"BANGLADESH";50
"SUD-OVEST";"BARBADORENA";1
"SUD-OVEST";"BELGA";1
"SUD-OVEST";"BIELORUSSA";4
"SUD-OVEST";"BIRMANA";
"SUD-OVEST";"BOLIVIANA";1
"SUD-OVEST";"BOSNIACA";4
"SUD-OVEST";"BRASILIANA";52
"SUD-OVEST";"BRITANNICA";2
"SUD-OVEST";"BULGARA";36
"SUD-OVEST";"BURUNDA";
"SUD-OVEST";"CAMBOGIANA";
"SUD-OVEST";"CANADESE";
"SUD-OVEST";"CECA";2
"SUD-OVEST";"CILENA";
"SUD-OVEST";"CINESE";407
"SUD-OVEST";"CIPRIOTA";
"SUD-OVEST";"COLOMBIANA";82
"SUD-OVEST";"CONGOLESE";1
"SUD-OVEST";"COSTARICANA";
"SUD-OVEST";"CROATA";18
"SUD-OVEST";"CUBANA";3
"SUD-OVEST";"DANESE";1
"SUD-OVEST";"DEL BELIZE";
"SUD-OVEST";"DEL BENIN";
"SUD-OVEST";"DEL BURKINA";1
"SUD-OVEST";"DEL CAMERUN";3
"SUD-OVEST";"DEL CIAD";
"SUD-OVEST";"DEL NIGER";1
"SUD-OVEST";"DELLA COSTA D'AVORIO";32
"SUD-OVEST";"DELLA GEORGIA";5
"SUD-OVEST";"DELLA SIERRA LEONE";1
"SUD-OVEST";"DI SAO TOME' E PRINCIPE";
"SUD-OVEST";"DI TAIWAN";
"SUD-OVEST";"DOMINICANA";48
"SUD-OVEST";"DOMINICIANA";1
"SUD-OVEST";"ECUADOREGNA";13
"SUD-OVEST";"EGIZIANA";1
"SUD-OVEST";"ERITREA";5
"SUD-OVEST";"ESTONE";
"SUD-OVEST";"ETIOPE";3
"SUD-OVEST";"FILIPPINA";32
"SUD-OVEST";"FINLANDESE";1
"SUD-OVEST";"FRANCESE";5
"SUD-OVEST";"GABONESE";
"SUD-OVEST";"GAMBIANA";1
"SUD-OVEST";"GHANESE";243
"SUD-OVEST";"GIAPPONESE";2
"SUD-OVEST";"GIORDANA";
"SUD-OVEST";"GRECA";4
"SUD-OVEST";"GUINEANA";3
"SUD-OVEST";"GUINEANA BISSAUESE";3
"SUD-OVEST";"HAITIANA";1
"SUD-OVEST";"HONDUREGNA";1
"SUD-OVEST";"IEMENITA";
"SUD-OVEST";"IGNOTA";1
"SUD-OVEST";"INDIANA";98
"SUD-OVEST";"INDONESIANA";
"SUD-OVEST";"IRACHENA";
"SUD-OVEST";"IRANIANA";2
"SUD-OVEST";"IRLANDESE";
"SUD-OVEST";"ISLANDESE";
"SUD-OVEST";"ISRAELIANA";1
"SUD-OVEST";"KAZACA";
"SUD-OVEST";"KENIANA";
"SUD-OVEST";"KOSOVARA";7
"SUD-OVEST";"LETTONE";1
"SUD-OVEST";"LIBANESE";4
"SUD-OVEST";"LIBERIANA";1
"SUD-OVEST";"LITUANA";
"SUD-OVEST";"LUSSEMBURGHESE";
"SUD-OVEST";"MACEDONE";
"SUD-OVEST";"MALGASCIA";
"SUD-OVEST";"MALINA";3
"SUD-OVEST";"MALTESE";
"SUD-OVEST";"MAROCCHINA";381
"SUD-OVEST";"MAURITANA";
"SUD-OVEST";"MAURIZIANA";1
"SUD-OVEST";"MESSICANA";5
"SUD-OVEST";"MOLDAVA";647
"SUD-OVEST";"MONTENEGRINA";
"SUD-OVEST";"MOZAMBICANA";
"SUD-OVEST";"NEOZELANDESE";
"SUD-OVEST";"NEPALESE";
"SUD-OVEST";"NICARAGUENSE";
"SUD-OVEST";"NIGERIANA";442
"SUD-OVEST";"NORVEGESE";
"SUD-OVEST";"OLANDESE";2
"SUD-OVEST";"PACHISTANA";104
"SUD-OVEST";"PALESTINESE";1
"SUD-OVEST";"PANAMENSE";
"SUD-OVEST";"PARAGUAIANA";32
"SUD-OVEST";"PERUVIANA";52
"SUD-OVEST";"POLACCA";26
"SUD-OVEST";"PORTOGHESE";
"SUD-OVEST";"RUANDESE";
"SUD-OVEST";"RUMENA";1277
"SUD-OVEST";"RUSSA";24
"SUD-OVEST";"SALVADOREGNA";2
"SUD-OVEST";"SANMARINESE";
"SUD-OVEST";"SEICELLE";
"SUD-OVEST";"SENEGALESE";60
"SUD-OVEST";"SERBA";47
"SUD-OVEST";"SINGAPORE";
"SUD-OVEST";"SIRIANA";6
"SUD-OVEST";"SLOVACCA";
"SUD-OVEST";"SLOVENA";
"SUD-OVEST";"SOMALA";1
"SUD-OVEST";"SPAGNOLA";4
"SUD-OVEST";"SRILANKESE";1255
"SUD-OVEST";"STATUNITENSE";3
"SUD-OVEST";"STRANIERA";2
"SUD-OVEST";"SUDAFRICANA";
"SUD-OVEST";"SUDANESE";4
"SUD-OVEST";"SUDCOREANA";
"SUD-OVEST";"SVEDESE";2
"SUD-OVEST";"SVIZZERA";1
"SUD-OVEST";"TAILANDESE";7
"SUD-OVEST";"TANZANIANA";
"SUD-OVEST";"TEDESCA";10
"SUD-OVEST";"TIMORESE";
"SUD-OVEST";"TOGOLESE";6
"SUD-OVEST";"TUNISINA";76
"SUD-OVEST";"TURCA";6
"SUD-OVEST";"UCRAINA";59
"SUD-OVEST";"UGANDESE";
"SUD-OVEST";"UNGHERESE";2
"SUD-OVEST";"URUGUAIANA";1
"SUD-OVEST";"UZBECA";
"SUD-OVEST";"VENEZUELANA";
"SUD-OVEST";"VIETNAMITA";2
"SUD-OVEST";"YUGOSLAVA";25
"SUD-OVEST";"ZAMBESE";
